CONFLICT_ID,Conflict type,Definition,Example,Clinical risk,Required behaviour,FHIR/workflow representation
CF-001,Presence/absence conflict,Sources disagree whether a concept exists,Patient reports penicillin anaphylaxis; allergy list says no known allergy,Potentially critical,"Preserve both, prioritise safety, clarify/retrieve/clinician review",DetectedIssue + Task; candidate AllergyIntolerance remains unconfirmed
CF-002,Identity conflict,Sources refer to different patient/person/resource identity,Imported record identifiers do not match patient,Critical,Stop affected synthesis/write-back and invoke identity workflow,DetectedIssue/Task; no merge
CF-003,Medication use/order conflict,Reported actual use differs from prescription/order,Patient stopped empagliflozin but active MedicationRequest remains,High,"Represent both event types, ask last dose/reason, reconcile",MedicationStatement + MedicationRequest + DetectedIssue
CF-004,Dose/frequency conflict,"Same medicine, different dose/frequency",Patient says apixaban 2.5 mg twice daily; list says 5 mg,High,Do not choose silently; clarify using label/list/pharmacy/clinician,DetectedIssue + Task
CF-005,Temporal conflict,Dates/onset/last-dose differ materially,Last rivaroxaban dose yesterday vs record administration today,Critical when time-sensitive,Clarify and retain event/source times separately,DetectedIssue/Task
CF-006,Terminology conflict,"Different labels may be synonymous, hierarchical or genuinely different",'Heart attack' vs 'angina',Variable,Terminology service tests equivalence/subsumption; clarify if clinically non-equivalent,Internal mapping + DetectedIssue if unresolved
CF-007,Severity conflict,Sources agree on event but disagree severity,'rash' vs documented anaphylaxis,High,Prefer source with event detail for phenotype while retaining patient account; escalate material discrepancy,AllergyIntolerance reaction + Provenance + DetectedIssue
CF-008,Status conflict,Active/resolved/current/ceased differs,Old problem list says active asthma; patient says no symptoms/treatment for years,Medium,Separate historical diagnosis from current clinical status; clarify current state,Condition clinicalStatus plus current Observation/statement
CF-009,Procedure conflict,Planned procedure differs between patient understanding and booking/order,"Patient expects left knee, booking says right knee",Critical,Stop routine assumption and trigger human verification,DetectedIssue/Flag/Task
CF-010,Source-version conflict,Two versions of same source disagree,Old and new medication lists,Variable,"Use version/time, retain supersession lineage and assess whether older source still clinically relevant",Provenance + version metadata
CF-011,Extraction conflict,AI extraction differs across model/pass or contradicts source text,"Transcript says 'no diabetes', extractor produces diabetes present",Critical,"Fail closed: retain source, mark extraction unresolved, reprocess/clarify",Internal quality issue + no authoritative write-back
CF-012,Patient correction conflict,Patient rejects system summary/extraction,AI summary says DVT; patient corrects to PE,High,Correction becomes new assertion; previous extraction retained but no longer current interpretation,Provenance revision/correction
CF-013,Complementary non-conflict,Sources provide different compatible details,"Patient gives symptoms, record gives exact drug name",Low,Merge into composite fact only with source attribution per component,Multiple provenance entities
CF-014,Stale-vs-current conflict,Older source contradicts newer credible source,2019 smoker flag vs patient quit in 2024,Low-medium,Prefer temporally appropriate assertion for current state while retaining history,Observation effective dates + provenance
