Source_ID,Citation,Evidence_level,URL,Primary use
ANZCA_PG07,ANZCA PG07 Pre-anaesthesia consultation 2024,A,https://www.anzca.edu.au/getcontentasset/d4eb4cab-69e6-4228-8568-bbc911c6c505/80feb437-d24d-46b8-a858-4a2a28b9b970/pg07-pre-anaesthesia-consultation-2024.pdf?download=1&language=en,"Airway, dental and anatomical history, Allergy and perioperative hypersensitivity, Cardiovascular, Current health and recent change, Endocrine and metabolic, Family anaesthetic history, Gastrointestinal, hepatic and aspiration risk, Haematology, bleeding, thrombosis and transfusion, Medications and therapies, Neurological and neuromuscular, Pain, psychological health and substance use, Patient priorities, goals, advance care planning and reproductive considerations, Patient, procedure and communication, Previous surgery and anaesthesia, Renal and urological, Respiratory, Social circumstances, recovery and discharge"
ACC_AHA_2024,2024 AHA/ACC Perioperative Cardiovascular Guideline,B,https://doi.org/10.1161/CIR.0000000000001285,"Cardiovascular, Functional capacity and exercise tolerance"
SASM_OSA,SASM Guideline on Preoperative Screening and Assessment of OSA,B,https://pmc.ncbi.nlm.nih.gov/articles/PMC4956681/,Sleep and obstructive sleep apnoea
CPOC_OSA,CPOC Perioperative Management of OSA in Adults 2025,B,https://cpoc.org.uk/guidelines-and-resources/guidelines/perioperative-management-osa-adults,Sleep and obstructive sleep apnoea
ANZCA_PG69,ANZCA PG69 Perioperative hypersensitivity reactions 2025,A,https://www.anzca.edu.au/safety-and-advocacy/standards-of-practice/professional-documents,"Allergy and perioperative hypersensitivity, Family anaesthetic history, Previous surgery and anaesthesia"
ANZCA_GLP1,ANZCA GLP-1/GIP receptor agonist clinical guidance 2025,B,https://www.anzca.edu.au/safety-and-advocacy/standards-of-practice/clinical-practice-recommendations-regarding-patients-taking-glp-1,"Endocrine and metabolic, Gastrointestinal, hepatic and aspiration risk, Medications and therapies"
ESPEN_2025,ESPEN guideline on clinical nutrition in surgery 2025,B,https://doi.org/10.1016/j.clnu.2025.08.029,"Frailty, cognition, nutrition and functional independence"
RCOA_PAIN,RCoA GPAS Inpatient Pain Management 2026,B,https://rcoa.ac.uk/gpas/chapter-11-2025,"Pain, psychological health and substance use"
RCOA_FRAIL,RCoA GPAS Trauma and Orthopaedic Surgery 2025,B,https://www.rcoa.ac.uk/gpas/chapter-16,"Frailty, cognition, nutrition and functional independence"
CORE_DATA,Ahmadian et al. Development of a national core dataset for preoperative assessment,D,https://pubmed.ncbi.nlm.nih.gov/19283313/,"Airway, dental and anatomical history, Current health and recent change, Haematology, bleeding, thrombosis and transfusion, Neurological and neuromuscular, Patient priorities, goals, advance care planning and reproductive considerations, Patient, procedure and communication, Renal and urological, Respiratory, Social circumstances, recovery and discharge"
DATA_VARIATION,Data collection variation in preoperative assessment: literature review,D,https://pubmed.ncbi.nlm.nih.gov/21270635/,
SRC-COMM-001,Australian Commission on Safety and Quality in Health Care. Partnering with Consumers Standard.,A,https://www.safetyandquality.gov.au/national-standards/nsqhs-standards/partnering-consumers-standard,"Communication needs, health literacy, interpreter access, patient partnership"
SRC-COMM-002,Australian Commission on Safety and Quality in Health Care. Communicating for Safety Standard.,A,https://www.safetyandquality.gov.au/national-standards/nsqhs-standards/communicating-safety-standard,Identification/procedure matching and effective clinical communication
SRC-CARD-001,Thompson A et al. 2024 AHA/ACC/Multisociety Guideline for Perioperative Cardiovascular Management for Noncardiac Surgery.,B,https://www.ahajournals.org/doi/full/10.1161/CIR.0000000000001285,Cardiovascular risk assessment and structured functional capacity
SRC-CARD-002,Halvorsen S et al. 2022 ESC Guidelines on cardiovascular assessment and management of patients undergoing non-cardiac surgery.,B,https://academic.oup.com/eurheartj/article/43/39/3826/6675076,"Cardiovascular history, symptoms, functional capacity and risk evaluation"
SRC-FUNC-001,Wijeysundera DN et al. Integration of the Duke Activity Status Index into preoperative risk evaluation. Br J Anaesth. 2020.,E,https://pubmed.ncbi.nlm.nih.gov/31864719/,DASI threshold and postoperative outcomes
SRC-CUR-001,El-Boghdadly K et al. Timing of elective surgery and risk assessment after SARS-CoV-2 infection: 2023 update.,B,https://pubmed.ncbi.nlm.nih.gov/37337416/,Recent COVID-19 and version-sensitive perioperative timing guidance
SRC-RESP-001,"Lee HJ, Lee HW. Comprehensive Strategies for Preoperative Pulmonary Risk Evaluation and Management. Tuberc Respir Dis. 2025.",D,https://pmc.ncbi.nlm.nih.gov/articles/PMC11704732/,"Respiratory history, chronic lung disease, exacerbation/infection and PPC risk"
SRC-RESP-002,ARISCAT postoperative pulmonary complication risk literature.,E,https://pmc.ncbi.nlm.nih.gov/articles/PMC7047701/,"SpO2, recent respiratory infection and PPC risk factors"
SRC-OSA-001,Society of Anesthesia and Sleep Medicine guideline on preoperative screening and assessment of adult patients with OSA.,B,https://pmc.ncbi.nlm.nih.gov/articles/PMC4956681/,Routine OSA risk identification and validated screening tools
SRC-OSA-002,Centre for Perioperative Care. Perioperative Management of OSA in Adults. Updated 2025.,B,https://www.cpoc.org.uk/sites/cpoc/files/documents/2025-03/Sleep-Apnea-Guidance.pdf,"STOP-Bang screening, OSA risk stratification and PAP considerations"
SRC-NEURO-001,Probasco J et al. The Preoperative Neurological Evaluation. 2013.,F,https://pmc.ncbi.nlm.nih.gov/articles/PMC3810828/,"Stroke, epilepsy, movement and neuromuscular disease assessment"
SRC-NEURO-002,AHA/ASA Scientific Statement: Perioperative Neurological Evaluation and Management to Lower Risk of Acute Stroke. 2021.,B,https://pubmed.ncbi.nlm.nih.gov/33827230/,Prior/recent stroke and perioperative cerebrovascular risk
SRC-NEURO-003,European Neuromuscular Centre consensus statement on anaesthesia in patients with neuromuscular disorders. 2022.,B,https://pmc.ncbi.nlm.nih.gov/articles/PMC9826444/,"Neuromuscular diagnosis, weakness, bulbar, respiratory and cardiac involvement"
SRC-RENAL-001,ADQI/POQI joint consensus: postoperative acute kidney injury in adult non-cardiac surgery. 2021.,B,https://pmc.ncbi.nlm.nih.gov/articles/PMC8367817/,Preoperative kidney health assessment and PO-AKI risk
SRC-RENAL-002,Anaesthesia in chronic dialysis patients: a narrative review. 2025.,D,https://pmc.ncbi.nlm.nih.gov/articles/PMC11671837/,Dialysis-specific pre-anaesthetic assessment
SRC-RENAL-003,Preoperative Evaluation in Patients With End-Stage Renal Disease and Chronic Kidney Disease.,D,https://pmc.ncbi.nlm.nih.gov/articles/PMC8848094/,"Dialysis schedule, electrolytes and access"
SRC-ENDO-001,American Diabetes Association. Diabetes Care in the Hospital: Standards of Care in Diabetes—2026.,A,https://doi.org/10.2337/dc26-s016,Diabetes perioperative assessment; SGLT2 and GLP-1 considerations
SRC-ENDO-002,ADS/ANZCA/GESA/NACOS. 2025 clinical practice recommendations on peri-procedural GLP-1/GIP receptor agonists.,B,https://pmc.ncbi.nlm.nih.gov/articles/PMC12420935/,Universal medication enquiry and aspiration-risk mitigation
SRC-GI-001,ASA Practice Guidelines for Preoperative Fasting and Pharmacologic Agents to Reduce Aspiration Risk: modular update.,A,https://pubmed.ncbi.nlm.nih.gov/36629465/,Aspiration-risk and fasting framework
SRC-GI-002,Perioperative management of patients with cirrhosis: contemporary review/guidance.,D,https://pmc.ncbi.nlm.nih.gov/articles/PMC11222301/,Liver disease severity and decompensation
SRC-HAEM-001,Australian National Blood Authority. Patient Blood Management clinical guidance.,A,https://www.blood.gov.au/clinical-guidance/patient-blood-management,"Anaemia, bleeding risk and patient blood management"
SRC-HAEM-002,International Consensus Conference on Anemia Management in Surgical Patients (ICCAMS).,B,https://pmc.ncbi.nlm.nih.gov/articles/PMC9994846/,Preoperative anaemia screening and optimisation
SRC-HAEM-003,CHEST Clinical Practice Guideline: Perioperative Management of Antithrombotic Therapy.,B,https://journal.chestnet.org/article/S0012-3692(22)01359-9/fulltext,Anticoagulant and antiplatelet perioperative management
SRC-ANAES-001,American Society of Anesthesiologists. Basic Standards for Preanesthesia Care.,A,https://www.asahq.org/standards-and-practice-parameters/basic-standards-for-preanesthesia-care,"Review of records, interview and pre-anaesthetic assessment"
SRC-ANAES-002,JSA guideline for management of malignant hyperthermia in 2025.,B,https://pmc.ncbi.nlm.nih.gov/articles/PMC12860801/,Prior anaesthetic/surgical and family features relevant to MH
SRC-FAM-001,JSA guideline for management of malignant hyperthermia in 2025.,B,https://pmc.ncbi.nlm.nih.gov/articles/PMC12860801/,"Family MH, RYR1, heat/exercise rhabdomyolysis and anaesthetic history"
SRC-AIR-001,Expert consensus on difficult airway assessment.,F,https://pmc.ncbi.nlm.nih.gov/articles/PMC10432292/,Historical and anatomical predictors of difficult airway
SRC-AIR-002,Difficult Airway Society guidelines for awake tracheal intubation in adults.,B,https://pmc.ncbi.nlm.nih.gov/articles/PMC7078877/,"Head/neck pathology, limited mouth opening/neck extension and airway assessment"
SRC-MED-001,NSW Agency for Clinical Innovation Perioperative Toolkit: triage pathways.,A,https://aci.health.nsw.gov.au/projects/perioperative-toolkit/journey/pre-procedure-preparation/triage-pathways,"Complete prescription, OTC, herbal/complementary medication history"
SRC-MED-002,The role of pharmacists in mitigating medication errors in the perioperative setting: systematic review.,D,https://pmc.ncbi.nlm.nih.gov/articles/PMC11731391/,Medication reconciliation and perioperative medication errors
SRC-MED-003,ANZCA GLP-1 receptor agonist clinical practice recommendations.,B,https://www.anzca.edu.au/safety-and-advocacy/standards-of-practice/clinical-practice-recommendations-regarding-patients-taking-glp-1,GLP-1/GIP identification and current Australian management
SRC-ALL-001,"ANZCA PG69 Guideline on prevention, investigation and follow-up of perioperative hypersensitivity reactions and anaphylaxis 2025.",A,https://www.anzca.edu.au/getContentAsset/0f526e72-c35f-46d7-a816-746e63f92079/80feb437-d24d-46b8-a858-4a2a28b9b970/PG69-Perioperative-hypersensitivity-reactions-2025.pdf?language=en,"Comprehensive allergy history, previous perioperative anaphylaxis, chlorhexidine/latex and record review"
SRC-RES-001,Royal College of Anaesthetists GPAS Chapter 2: Perioperative Care of Elective and Urgent Care Patients 2025.,C,https://www.rcoa.ac.uk/gpas/chapter-2,"Frailty, cognition, functional status, lifestyle and discharge planning"
SRC-RES-002,ESPEN guideline on clinical nutrition in surgery – Update 2025.,B,https://www.espen.org/files/ESPEN-guideline-on-clinical-nutrition-in-surgery-Update-2025.pdf,Nutritional risk assessment and perioperative nutrition
SRC-PSY-001,Royal College of Anaesthetists GPAS Chapter 11: Inpatient Pain Management 2026.,C,https://www.rcoa.ac.uk/gpas/chapter-11-2025,"Chronic pain, high-dose opioids, OME, psychological preparation and opioid stewardship"
SRC-PSY-002,RCoA Pain Medicine: peri-operative management of patients at high risk of developing pain complications.,C,https://www.rcoa.ac.uk/documents/chapter-10-pain-medicine/1011-peri-operative-management-patients-high-risk-developing,"Pain catastrophising, depression/anxiety, chronic pain, opioid use and substance risk"
SRC-SOC-001,Royal College of Anaesthetists GPAS Chapter 2 2025.,C,https://www.rcoa.ac.uk/gpas/chapter-2,Early discharge planning and identification of social barriers
SRC-SOC-002,Royal College of Anaesthetists GPAS Day Surgery guidance.,C,https://rcoa.ac.uk/gpas/chapter-6,"Social suitability, transport and postoperative support"
SRC-GOAL-001,Royal College of Anaesthetists GPAS Chapter 2 2025.,C,https://www.rcoa.ac.uk/gpas/chapter-2,"Patient information, shared decision making and perioperative planning"
