Data type,Preferred/strong sources,Patient/proxy role,Potential conflicts,Default reconciliation principle,Freshness consideration,Auto-resolution?
Current medication actually taken,Patient/proxy + pharmacy/dispense + current medication reconciliation,"Often essential for adherence, last dose, self-ceased and OTC use",MedicationRequest active but patient stopped; dispense without ingestion,Triangulate; prescription/dispense do not prove current use,Very high: current/last dose often perioperatively time-critical,No for material conflict
Medication prescription/order,Current authorised MedicationRequest/prescriber source,Can report but is not authoritative for legal/current order details,Patient dose differs from prescription,Prescribing source defines order; retain actual-use statement separately,High,Usually yes for order identity if source valid/current
Medication administration,MedicationAdministration/MAR,May add context but source system records administration event,Patient recollection differs,Administration record preferred for documented administered dose; discrepancy retained if clinically relevant,Event-specific,Usually
Allergy label,Verified allergy record + specialist/testing + source documents,Patient report is safety-significant even if unverified,Record says NKDA; patient reports anaphylaxis,Never suppress new patient-reported serious reaction because record lacks it; escalate/reconcile,Longitudinal but status/testing can change,No for serious conflict
Reaction phenotype,Patient/witness contemporaneous record + allergy/anaesthetic record,Often key source for symptoms experienced,Label exists without phenotype,Preserve patient description; retrieve record when severity/agent matters,Historical event remains relevant,No if material ambiguity
Previous anaesthetic complication,Prior anaesthetic chart/incident record/anaesthetist letter,Patient/proxy disclosure is high-sensitivity trigger,Patient says difficult airway; prior chart unavailable or contradictory,"Treat serious patient report as unresolved safety signal until corroborated/refuted, not as confirmed diagnosis",Historical but persistent relevance,No
Current symptom,Patient is usually primary source; clinician assessment/objective data supplements,Primary source for subjective symptoms,Old record denies symptom; patient now reports it,Current patient report outranks stale absence for current symptom; objective data may modify interpretation,Very high,"Often, if no contradiction"
Diagnosis/problem history,"Clinician-authored records, specialist letters, diagnostic results",Can accurately report known diagnoses and may reveal missing record data,Patient label differs from formal diagnosis,Preserve both; verify when distinction affects perioperative management,Condition-specific,Sometimes
Pathology value,Laboratory system/DiagnosticReport,Patient may report approximate result but not substitute for source when exact value matters,Patient recalls 'normal' but lab abnormal,Lab source preferred for value; patient statement retained as separate assertion,Test-specific perioperative threshold,Usually if source integrity valid
Vital sign measured in clinic,Device/clinician observation,Patient may provide home values separately,Home vs clinic difference,Do not overwrite; represent source/context separately,Minutes-hours depending variable,No merge; both can coexist
Smoking/alcohol/substance use,Patient/proxy where appropriate,Usually primary source,Old record conflicts with current report,Current patient report generally preferred for current behaviour; preserve temporal change,High,Often if coherent
Functional capacity,Patient narrative + validated instrument + observed performance where available,Primary for usual daily function,Historical score differs,Current narrative/instrument dated separately; do not silently average,Weeks-months depending trajectory,No silent merge
Identity/demographics,Authoritative identity/registration service,Patient can identify errors,Conversation text must not create identity,Use identity governance/master patient index,High,Only through identity workflow
Procedure planned,Current surgical booking/referral/order,Patient understanding useful but not authoritative for exact planned procedure,Patient describes different operation,Treat discrepancy as safety-critical workflow issue,Very high,No
Advance care document,Signed/current document and governed registry/source,Patient can state current wishes; may supersede old understanding subject to legal/clinical process,Document and current expressed preference differ,Surface discrepancy to clinician; do not infer from document title,Version/current status critical,No
